-- MySQL dump 10.13  Distrib 8.0.36, for Win64 (x86_64)
--
-- Host: i10a803.p.ssafy.io    Database: cardcompany
-- ------------------------------------------------------
-- Server version	8.3.0

/*!40101 SET @OLD_CHARACTER_SET_CLIENT=@@CHARACTER_SET_CLIENT */;
/*!40101 SET @OLD_CHARACTER_SET_RESULTS=@@CHARACTER_SET_RESULTS */;
/*!40101 SET @OLD_COLLATION_CONNECTION=@@COLLATION_CONNECTION */;
/*!50503 SET NAMES utf8 */;
/*!40103 SET @OLD_TIME_ZONE=@@TIME_ZONE */;
/*!40103 SET TIME_ZONE='+00:00' */;
/*!40014 SET @OLD_UNIQUE_CHECKS=@@UNIQUE_CHECKS, UNIQUE_CHECKS=0 */;
/*!40014 SET @OLD_FOREIGN_KEY_CHECKS=@@FOREIGN_KEY_CHECKS, FOREIGN_KEY_CHECKS=0 */;
/*!40101 SET @OLD_SQL_MODE=@@SQL_MODE, SQL_MODE='NO_AUTO_VALUE_ON_ZERO' */;
/*!40111 SET @OLD_SQL_NOTES=@@SQL_NOTES, SQL_NOTES=0 */;

--
-- Table structure for table `card`
--

DROP TABLE IF EXISTS `card`;
/*!40101 SET @saved_cs_client     = @@character_set_client */;
/*!50503 SET character_set_client = utf8mb4 */;
CREATE TABLE `card` (
  `card_id` int NOT NULL AUTO_INCREMENT,
  `annualfee` int DEFAULT NULL,
  `benefit_code` enum('DISCOUNT','ACCUMULATE','CASHBACK') COLLATE utf8mb4_general_ci DEFAULT NULL,
  `cardcompany` varchar(255) COLLATE utf8mb4_general_ci DEFAULT NULL,
  `expiredate` date NOT NULL,
  `goal` int NOT NULL,
  `image` varchar(400) COLLATE utf8mb4_general_ci NOT NULL,
  `name` varchar(50) COLLATE utf8mb4_general_ci NOT NULL,
  `number` varchar(255) COLLATE utf8mb4_general_ci DEFAULT NULL,
  `type` enum('CREDIT','CHECK') COLLATE utf8mb4_general_ci DEFAULT NULL,
  `member_member_id` int DEFAULT NULL,
  PRIMARY KEY (`card_id`),
  KEY `FKhp7nlu9h9bynbgl1dswqy40qy` (`member_member_id`),
  CONSTRAINT `FKhp7nlu9h9bynbgl1dswqy40qy` FOREIGN KEY (`member_member_id`) REFERENCES `member` (`member_id`)
) ENGINE=InnoDB AUTO_INCREMENT=7 DEFAULT CHARSET=utf8mb4 COLLATE=utf8mb4_general_ci;
/*!40101 SET character_set_client = @saved_cs_client */;

--
-- Dumping data for table `card`
--

LOCK TABLES `card` WRITE;
/*!40000 ALTER TABLE `card` DISABLE KEYS */;
INSERT INTO `card` VALUES (1,15000,'DISCOUNT','신한카드','2028-12-24',300000,'https://api.card-gorilla.com:8080/storage/card/13/card_img/28201/13card.png','신한카드 Mr.Life','4364-0110-8575-7598','CREDIT',1),(2,0,'ACCUMULATE','신한카드','2027-06-19',200000,'https://api.card-gorilla.com:8080/storage/card/2379/card_imgs/30623/2379card_2.png','신한카드 On 체크','4364-0114-7568-2546','CHECK',1),(3,20000,'DISCOUNT','삼성카드','2030-05-12',300000,'https://api.card-gorilla.com:8080/storage/card/2349/card_imgs/30214/2349card_2.png','모니모카드','2865-2554-7596-3201','CREDIT',1),(4,0,'CASHBACK','삼성카드','2024-10-01',300000,'https://api.card-gorilla.com:8080/storage/card/2563/card_img/29688/2563card.png','알뜰교통플러스 삼성체크카드','2865-2551-1258-7503','CHECK',1),(5,0,'DISCOUNT','KB국민카드','2025-03-20',300000,'https://api.card-gorilla.com:8080/storage/card/2441/card_imgs/30331/2441card_4.png','KB국민 My WE:SH 카드','7598-8950-7741-0210','CREDIT',2),(6,0,'DISCOUNT','KB국민카드','2025-01-10',300000,'https://api.card-gorilla.com:8080/storage/card/2422/card_img/27141/2422card.png','노리2 체크카드','7598-8157-1586-2027','CHECK',2);
/*!40000 ALTER TABLE `card` ENABLE KEYS */;
UNLOCK TABLES;

--
-- Table structure for table `member`
--

DROP TABLE IF EXISTS `member`;
/*!40101 SET @saved_cs_client     = @@character_set_client */;
/*!50503 SET character_set_client = utf8mb4 */;
CREATE TABLE `member` (
  `member_id` int NOT NULL AUTO_INCREMENT,
  `name` varchar(20) COLLATE utf8mb4_general_ci NOT NULL,
  PRIMARY KEY (`member_id`)
) ENGINE=InnoDB AUTO_INCREMENT=3 DEFAULT CHARSET=utf8mb4 COLLATE=utf8mb4_general_ci;
/*!40101 SET character_set_client = @saved_cs_client */;

--
-- Dumping data for table `member`
--

LOCK TABLES `member` WRITE;
/*!40000 ALTER TABLE `member` DISABLE KEYS */;
INSERT INTO `member` VALUES (1,'김민준'),(2,'김싸피');
/*!40000 ALTER TABLE `member` ENABLE KEYS */;
UNLOCK TABLES;

--
-- Table structure for table `transaction`
--

DROP TABLE IF EXISTS `transaction`;
/*!40101 SET @saved_cs_client     = @@character_set_client */;
/*!50503 SET character_set_client = utf8mb4 */;
CREATE TABLE `transaction` (
  `id` int NOT NULL AUTO_INCREMENT,
  `date` datetime(6) NOT NULL,
  `day` date NOT NULL,
  `discount` tinyint(1) NOT NULL,
  `number` int NOT NULL,
  `price` int NOT NULL,
  `status` tinyint(1) NOT NULL,
  `store` varchar(255) COLLATE utf8mb4_general_ci NOT NULL,
  `card_id` int DEFAULT NULL,
  `card_card_id` int DEFAULT NULL,
  PRIMARY KEY (`id`),
  KEY `FK2fpx6k3q1cvpe74i4qkmfm6r0` (`card_id`),
  CONSTRAINT `FK2fpx6k3q1cvpe74i4qkmfm6r0` FOREIGN KEY (`card_id`) REFERENCES `card` (`card_id`)
) ENGINE=InnoDB AUTO_INCREMENT=447 DEFAULT CHARSET=utf8mb4 COLLATE=utf8mb4_general_ci;
/*!40101 SET character_set_client = @saved_cs_client */;

--
-- Dumping data for table `transaction`
--

LOCK TABLES `transaction` WRITE;
/*!40000 ALTER TABLE `transaction` DISABLE KEYS */;
INSERT INTO `transaction` VALUES (1,'2023-01-01 15:38:00.000000','2023-01-01',0,1,9900,1,'디즈니플러스',6,NULL),(2,'2023-01-01 18:29:00.000000','2023-01-01',0,2,282960,0,'홈플러스',2,NULL),(3,'2023-01-01 20:35:00.000000','2023-01-01',1,3,3340,0,'버스',4,NULL),(4,'2023-01-02 02:30:00.000000','2023-01-02',0,4,20570,0,'이마트',5,NULL),(5,'2023-01-02 13:01:00.000000','2023-01-02',0,5,30290,0,'GS25',4,NULL),(6,'2023-01-03 15:49:00.000000','2023-01-03',0,6,31700,1,'홈플러스',4,NULL),(7,'2023-01-03 19:10:00.000000','2023-01-03',1,7,20060,1,'CGV',4,NULL),(8,'2023-01-04 02:36:00.000000','2023-01-04',1,8,195270,0,'티켓몬스터',5,NULL),(9,'2023-01-04 16:03:00.000000','2023-01-04',0,9,84820,1,'애슐리',4,NULL),(10,'2023-01-05 02:36:00.000000','2023-01-05',0,10,62980,1,'스타벅스',6,NULL),(11,'2023-01-05 06:44:00.000000','2023-01-05',1,11,97210,0,'리안헤어',3,NULL),(12,'2023-01-05 11:05:00.000000','2023-01-05',1,12,49370,0,'세븐일레븐',4,NULL),(13,'2023-01-05 22:27:00.000000','2023-01-05',0,13,97170,0,'위메프',5,NULL),(14,'2023-01-07 01:24:00.000000','2023-01-07',0,14,22150,0,'메가박스',3,NULL),(15,'2023-01-07 02:54:00.000000','2023-01-07',1,15,92350,0,'위메프',1,NULL),(16,'2023-01-07 09:51:00.000000','2023-01-07',1,16,16320,0,'쿠팡이츠',3,NULL),(17,'2023-01-07 13:01:00.000000','2023-01-07',0,17,66150,0,'위메프',5,NULL),(18,'2023-01-07 19:32:00.000000','2023-01-07',0,18,7150,0,'메가커피',3,NULL),(19,'2023-01-08 09:35:00.000000','2023-01-08',1,19,23370,0,'아웃백',1,NULL),(20,'2023-01-11 12:20:00.000000','2023-01-11',0,20,19120,1,'메가박스',4,NULL),(21,'2023-01-11 21:30:00.000000','2023-01-11',0,21,231090,1,'홈플러스',3,NULL),(22,'2023-01-12 06:56:00.000000','2023-01-12',1,22,231160,1,'인테이크몰',3,NULL),(23,'2023-01-12 09:51:00.000000','2023-01-12',0,23,48590,0,'배달의 민족',1,NULL),(24,'2023-01-13 18:20:00.000000','2023-01-13',1,24,70230,0,'애슐리',4,NULL),(25,'2023-01-13 18:54:00.000000','2023-01-13',0,25,212330,1,'티켓몬스터',4,NULL),(26,'2023-01-14 15:49:00.000000','2023-01-14',0,26,3720,0,'올리브영',5,NULL),(27,'2023-01-16 19:18:00.000000','2023-01-16',1,27,22090,0,'위메프',4,NULL),(28,'2023-01-16 19:23:00.000000','2023-01-16',1,28,121160,0,'이마트',6,NULL),(29,'2023-01-17 07:05:00.000000','2023-01-17',0,29,59900,0,'세븐일레븐',3,NULL),(30,'2023-01-17 16:47:00.000000','2023-01-17',1,30,201950,0,'이마트',5,NULL),(31,'2023-01-18 13:10:00.000000','2023-01-18',1,31,274950,0,'티켓몬스터',6,NULL),(32,'2023-01-19 03:31:00.000000','2023-01-19',0,32,51440,0,'KT',5,NULL),(33,'2023-01-20 04:29:00.000000','2023-01-20',0,33,31180,0,'마켓컬리',4,NULL),(34,'2023-01-20 07:45:00.000000','2023-01-20',0,34,26650,0,'CGV',1,NULL),(35,'2023-01-20 08:28:00.000000','2023-01-20',1,35,4540,0,'메가커피',3,NULL),(36,'2023-01-20 15:55:00.000000','2023-01-20',1,36,139180,0,'11번가',1,NULL),(37,'2023-01-21 10:37:00.000000','2023-01-21',1,37,30590,0,'올리브영',1,NULL),(38,'2023-01-23 12:56:00.000000','2023-01-23',0,38,89540,0,'아웃백',2,NULL),(39,'2023-01-25 11:07:00.000000','2023-01-25',1,39,41510,1,'쿠팡이츠',5,NULL),(40,'2023-01-25 19:29:00.000000','2023-01-25',1,40,88470,0,'블루보틀',6,NULL),(41,'2023-01-27 02:06:00.000000','2023-01-27',0,41,21110,0,'CU',6,NULL),(42,'2023-01-27 07:49:00.000000','2023-01-27',0,42,2300,0,'지하철',2,NULL),(43,'2023-01-27 08:28:00.000000','2023-01-27',1,43,12310,0,'SK에너지',4,NULL),(44,'2023-01-27 18:38:00.000000','2023-01-27',1,44,27730,0,'메가박스',3,NULL),(45,'2023-01-28 21:36:00.000000','2023-01-28',1,45,20610,0,'인테이크몰',3,NULL),(46,'2023-01-29 01:12:00.000000','2023-01-29',1,46,193800,0,'박승철헤어스튜디오',5,NULL),(47,'2023-01-29 09:47:00.000000','2023-01-29',0,47,33190,0,'SK에너지',3,NULL),(48,'2023-01-29 15:58:00.000000','2023-01-29',1,48,270730,1,'티켓몬스터',2,NULL),(49,'2023-01-30 06:21:00.000000','2023-01-30',1,49,73660,0,'커피빈',2,NULL),(50,'2023-01-31 04:32:00.000000','2023-01-31',1,50,121460,0,'11번가',5,NULL),(51,'2023-01-31 07:02:00.000000','2023-01-31',0,51,24620,0,'CGV',1,NULL),(52,'2023-01-31 12:05:00.000000','2023-01-31',0,52,14900,0,'유튜브프리미엄',2,NULL),(53,'2023-02-01 20:11:00.000000','2023-02-01',0,53,248620,1,'홈플러스',6,NULL),(54,'2023-02-01 20:38:00.000000','2023-02-01',0,54,50510,0,'블루보틀',1,NULL),(55,'2023-02-03 03:29:00.000000','2023-02-03',0,55,60270,0,'배달의 민족',3,NULL),(56,'2023-02-04 03:34:00.000000','2023-02-04',0,56,165650,1,'티켓몬스터',2,NULL),(57,'2023-02-04 06:50:00.000000','2023-02-04',0,57,7360,0,'투썸플레이스',1,NULL),(58,'2023-02-04 18:35:00.000000','2023-02-04',1,58,6780,0,'GS25',4,NULL),(59,'2023-02-04 21:06:00.000000','2023-02-04',1,59,153130,0,'롯데마트',4,NULL),(60,'2023-02-06 11:13:00.000000','2023-02-06',0,60,81170,0,'티켓몬스터',2,NULL),(61,'2023-02-07 01:24:00.000000','2023-02-07',1,61,14120,0,'롯데시네마',2,NULL),(62,'2023-02-07 18:19:00.000000','2023-02-07',1,62,66630,0,'커피빈',5,NULL),(63,'2023-02-07 21:36:00.000000','2023-02-07',0,63,18150,0,'롯데시네마',1,NULL),(64,'2023-02-08 02:06:00.000000','2023-02-08',0,64,68680,0,'SKT',1,NULL),(65,'2023-02-08 08:28:00.000000','2023-02-08',1,65,13900,1,'디즈니플러스',4,NULL),(66,'2023-02-09 04:22:00.000000','2023-02-09',0,66,56000,0,'위메프',4,NULL),(67,'2023-02-09 23:36:00.000000','2023-02-09',0,67,12140,1,'올리브영',4,NULL),(68,'2023-02-11 21:36:00.000000','2023-02-11',1,68,28820,0,'롯데시네마',2,NULL),(69,'2023-02-12 04:23:00.000000','2023-02-12',0,69,16000,0,'웨이브',2,NULL),(70,'2023-02-13 11:13:00.000000','2023-02-13',1,70,84400,1,'커피빈',1,NULL),(71,'2023-02-13 16:03:00.000000','2023-02-13',1,71,66210,1,'이디야커피',2,NULL),(72,'2023-02-14 20:11:00.000000','2023-02-14',0,72,209170,1,'11번가',2,NULL),(73,'2023-02-15 06:56:00.000000','2023-02-15',0,73,12310,1,'현대오일뱅크',3,NULL),(74,'2023-02-15 15:45:00.000000','2023-02-15',0,74,22380,0,'세븐일레븐',6,NULL),(75,'2023-02-16 15:48:00.000000','2023-02-16',1,75,19500,0,'빽다방',2,NULL),(76,'2023-02-17 16:10:00.000000','2023-02-17',1,76,58090,0,'스타벅스',3,NULL),(77,'2023-02-17 18:20:00.000000','2023-02-17',1,77,85340,0,'현대오일뱅크',2,NULL),(78,'2023-02-19 07:48:00.000000','2023-02-19',1,78,4900,0,'왓챠',3,NULL),(79,'2023-02-20 00:58:00.000000','2023-02-20',0,79,82010,0,'아웃백',2,NULL),(80,'2023-02-20 20:38:00.000000','2023-02-20',1,80,11280,0,'11번가',2,NULL),(81,'2023-02-22 07:28:00.000000','2023-02-22',1,81,2330,0,'버스',4,NULL),(82,'2023-02-23 00:49:00.000000','2023-02-23',1,82,187100,1,'AK몰',2,NULL),(83,'2023-02-24 01:12:00.000000','2023-02-24',0,83,190070,1,'박승철헤어스튜디오',1,NULL),(84,'2023-02-24 11:11:00.000000','2023-02-24',0,84,2960,1,'빽다방',3,NULL),(85,'2023-02-25 22:49:00.000000','2023-02-25',1,85,104480,1,'배달의 민족',1,NULL),(86,'2023-02-26 09:38:00.000000','2023-02-26',0,86,169940,0,'인테이크몰',1,NULL),(87,'2023-02-27 19:55:00.000000','2023-02-27',1,87,59550,0,'GS칼텍스',6,NULL),(88,'2023-02-27 21:36:00.000000','2023-02-27',0,88,14740,0,'메가박스',2,NULL),(89,'2023-02-28 20:59:00.000000','2023-02-28',0,89,63620,0,'애슐리',4,NULL),(90,'2023-03-01 09:57:00.000000','2023-03-01',0,90,17250,0,'이마트24',1,NULL),(91,'2023-03-03 18:38:00.000000','2023-03-03',1,91,58160,1,'스타벅스',3,NULL),(92,'2023-03-03 18:43:00.000000','2023-03-03',0,92,14190,0,'메가박스',1,NULL),(93,'2023-03-04 15:55:00.000000','2023-03-04',1,93,1990,0,'버스',2,NULL),(94,'2023-03-04 18:43:00.000000','2023-03-04',0,94,17000,0,'넷플릭스',1,NULL),(95,'2023-03-05 02:54:00.000000','2023-03-05',0,95,207160,0,'롯데마트',3,NULL),(96,'2023-03-05 22:55:00.000000','2023-03-05',1,96,33210,0,'11번가',6,NULL),(97,'2023-03-08 19:18:00.000000','2023-03-08',0,97,13930,0,'배달의 민족',2,NULL),(98,'2023-03-09 06:50:00.000000','2023-03-09',0,98,16630,0,'메가박스',2,NULL),(99,'2023-03-11 09:51:00.000000','2023-03-11',0,99,49400,1,'AK몰',5,NULL),(100,'2023-03-11 18:29:00.000000','2023-03-11',0,100,261120,0,'인테이크몰',2,NULL),(101,'2023-03-12 13:25:00.000000','2023-03-12',0,101,59730,0,'커피빈',2,NULL),(102,'2023-03-13 17:33:00.000000','2023-03-13',0,102,27270,1,'롯데시네마',4,NULL),(103,'2023-03-15 08:01:00.000000','2023-03-15',0,103,57850,0,'GS칼텍스',3,NULL),(104,'2023-03-16 09:57:00.000000','2023-03-16',1,104,9900,1,'디즈니플러스',6,NULL),(105,'2023-03-17 15:45:00.000000','2023-03-17',1,105,80570,0,'옥션',4,NULL),(106,'2023-03-17 20:59:00.000000','2023-03-17',1,106,184760,1,'AK몰',4,NULL),(107,'2023-03-18 22:27:00.000000','2023-03-18',1,107,35370,0,'마켓컬리',6,NULL),(108,'2023-03-20 01:09:00.000000','2023-03-20',1,108,16460,1,'올리브영',3,NULL),(109,'2023-03-20 07:45:00.000000','2023-03-20',0,109,3870,0,'지하철',1,NULL),(110,'2023-03-21 06:44:00.000000','2023-03-21',1,110,25230,1,'인테이크몰',2,NULL),(111,'2023-03-21 19:32:00.000000','2023-03-21',1,111,72430,1,'리안헤어',1,NULL),(112,'2023-03-21 21:30:00.000000','2023-03-21',1,112,93590,0,'이철헤어커커',2,NULL),(113,'2023-03-22 02:36:00.000000','2023-03-22',0,113,159540,0,'이마트',2,NULL),(114,'2023-03-23 01:12:00.000000','2023-03-23',0,114,34750,0,'이마트24',6,NULL),(115,'2023-03-24 06:21:00.000000','2023-03-24',0,115,26990,0,'CGV',2,NULL),(116,'2023-03-25 00:49:00.000000','2023-03-25',0,116,16450,0,'GS25',4,NULL),(117,'2023-03-25 03:29:00.000000','2023-03-25',0,117,12900,0,'왓챠',3,NULL),(118,'2023-03-25 07:45:00.000000','2023-03-25',1,118,13270,1,'S-Oil',3,NULL),(119,'2023-03-25 08:47:00.000000','2023-03-25',0,119,22800,0,'CGV',3,NULL),(120,'2023-03-27 15:07:00.000000','2023-03-27',1,120,82280,0,'스타벅스',6,NULL),(121,'2023-03-27 15:58:00.000000','2023-03-27',1,121,15160,0,'메가커피',3,NULL),(122,'2023-03-28 18:39:00.000000','2023-03-28',1,122,14200,0,'다이소',5,NULL),(123,'2023-03-28 18:54:00.000000','2023-03-28',1,123,129300,1,'이마트',2,NULL),(124,'2023-03-29 18:43:00.000000','2023-03-29',0,124,63120,0,'SK에너지',6,NULL),(125,'2023-03-31 11:07:00.000000','2023-03-31',1,125,9670,1,'스타벅스',1,NULL),(126,'2023-03-31 18:29:00.000000','2023-03-31',0,126,19360,1,'커피빈',5,NULL),(127,'2023-04-04 00:58:00.000000','2023-04-04',1,127,81440,1,'S-Oil',6,NULL),(128,'2023-04-04 04:05:00.000000','2023-04-04',1,128,116770,0,'마켓컬리',4,NULL),(129,'2023-04-07 19:32:00.000000','2023-04-07',1,129,13390,0,'올리브영',1,NULL),(130,'2023-04-08 15:49:00.000000','2023-04-08',0,130,78390,0,'이디야커피',3,NULL),(131,'2023-04-09 01:09:00.000000','2023-04-09',0,131,32630,0,'애슐리',5,NULL),(132,'2023-04-09 01:24:00.000000','2023-04-09',0,132,94370,0,'블루보틀',5,NULL),(133,'2023-04-09 04:11:00.000000','2023-04-09',0,133,33950,0,'CU',2,NULL),(134,'2023-04-09 08:47:00.000000','2023-04-09',1,134,171090,0,'11번가',1,NULL),(135,'2023-04-09 23:44:00.000000','2023-04-09',1,135,9900,0,'디즈니플러스',4,NULL),(136,'2023-04-10 19:18:00.000000','2023-04-10',1,136,40540,1,'요기요',1,NULL),(137,'2023-04-10 20:17:00.000000','2023-04-10',0,137,2980,0,'지하철',2,NULL),(138,'2023-04-11 02:36:00.000000','2023-04-11',1,138,245650,0,'쿠팡',1,NULL),(139,'2023-04-11 04:11:00.000000','2023-04-11',0,139,21830,0,'스타벅스',6,NULL),(140,'2023-04-11 06:44:00.000000','2023-04-11',0,140,21400,0,'세븐일레븐',5,NULL),(141,'2023-04-11 08:50:00.000000','2023-04-11',1,141,18190,0,'다이소',2,NULL),(142,'2023-04-11 18:02:00.000000','2023-04-11',0,142,13900,0,'웨이브',1,NULL),(143,'2023-04-11 22:46:00.000000','2023-04-11',0,143,261010,0,'이마트',6,NULL),(144,'2023-04-14 09:51:00.000000','2023-04-14',0,144,47120,1,'쿠팡이츠',5,NULL),(145,'2023-04-14 12:50:00.000000','2023-04-14',0,145,63600,0,'리안헤어',6,NULL),(146,'2023-04-15 03:31:00.000000','2023-04-15',0,146,40740,0,'택시',5,NULL),(147,'2023-04-16 19:32:00.000000','2023-04-16',1,147,59830,1,'올리브영',1,NULL),(148,'2023-04-17 01:24:00.000000','2023-04-17',1,148,14010,0,'빽다방',2,NULL),(149,'2023-04-17 04:11:00.000000','2023-04-17',0,149,15210,0,'다이소',1,NULL),(150,'2023-04-17 06:21:00.000000','2023-04-17',1,150,162230,0,'쿠팡',4,NULL),(151,'2023-04-17 11:05:00.000000','2023-04-17',0,151,16360,1,'옥션',5,NULL),(152,'2023-04-18 16:10:00.000000','2023-04-18',0,152,12900,0,'왓챠',4,NULL),(153,'2023-04-19 01:09:00.000000','2023-04-19',1,153,96400,0,'배달의 민족',6,NULL),(154,'2023-04-19 04:53:00.000000','2023-04-19',0,154,11570,0,'세븐일레븐',4,NULL),(155,'2023-04-19 09:34:00.000000','2023-04-19',1,155,25020,0,'SK에너지',6,NULL),(156,'2023-04-22 02:36:00.000000','2023-04-22',1,156,51510,1,'S-Oil',5,NULL),(157,'2023-04-22 06:01:00.000000','2023-04-22',1,157,223790,0,'11번가',1,NULL),(158,'2023-04-26 02:59:00.000000','2023-04-26',0,158,83320,0,'올리브영',3,NULL),(159,'2023-04-26 15:49:00.000000','2023-04-26',1,159,44800,1,'KT',5,NULL),(160,'2023-04-29 22:49:00.000000','2023-04-29',0,160,25270,0,'블루보틀',5,NULL),(161,'2023-04-30 04:23:00.000000','2023-04-30',0,161,27460,0,'CGV',1,NULL),(162,'2023-04-30 14:48:00.000000','2023-04-30',1,162,12100,0,'마켓컬리',5,NULL),(163,'2023-05-02 16:03:00.000000','2023-05-02',0,163,77010,1,'SKT',1,NULL),(164,'2023-05-04 22:46:00.000000','2023-05-04',0,164,244760,1,'홈플러스',2,NULL),(165,'2023-05-05 13:10:00.000000','2023-05-05',1,165,97140,0,'올리브영',1,NULL),(166,'2023-05-06 07:20:00.000000','2023-05-06',0,166,4900,0,'왓챠',6,NULL),(167,'2023-05-11 14:58:00.000000','2023-05-11',0,167,69580,0,'배달의 민족',4,NULL),(168,'2023-05-12 02:54:00.000000','2023-05-12',0,168,147130,1,'홈플러스',5,NULL),(169,'2023-05-12 21:36:00.000000','2023-05-12',0,169,37890,0,'요기요',5,NULL),(170,'2023-05-13 02:06:00.000000','2023-05-13',1,170,22230,0,'박승철헤어스튜디오',1,NULL),(171,'2023-05-14 01:27:00.000000','2023-05-14',1,171,9500,0,'티빙',4,NULL),(172,'2023-05-14 06:51:00.000000','2023-05-14',1,172,2750,0,'지하철',1,NULL),(173,'2023-05-14 09:34:00.000000','2023-05-14',0,173,198610,0,'AK몰',1,NULL),(174,'2023-05-17 17:33:00.000000','2023-05-17',1,174,43760,1,'GS25',2,NULL),(175,'2023-05-18 03:34:00.000000','2023-05-18',0,175,250890,0,'AK몰',3,NULL),(176,'2023-05-18 18:37:00.000000','2023-05-18',0,176,1840,0,'지하철',2,NULL),(177,'2023-05-19 09:47:00.000000','2023-05-19',0,177,160280,0,'박승철헤어스튜디오',4,NULL),(178,'2023-05-20 10:45:00.000000','2023-05-20',1,178,17930,0,'이디야커피',6,NULL),(179,'2023-05-24 21:36:00.000000','2023-05-24',0,179,76280,1,'커피빈',1,NULL),(180,'2023-05-26 06:56:00.000000','2023-05-26',0,180,3450,0,'버스',2,NULL),(181,'2023-05-26 07:02:00.000000','2023-05-26',0,181,16500,0,'이디야커피',1,NULL),(182,'2023-05-26 22:57:00.000000','2023-05-26',1,182,12900,1,'왓챠',1,NULL),(183,'2023-05-28 11:11:00.000000','2023-05-28',1,183,39920,0,'GS25',3,NULL),(184,'2023-05-28 20:35:00.000000','2023-05-28',0,184,20380,0,'GS25',4,NULL),(185,'2023-05-29 02:36:00.000000','2023-05-29',0,185,165330,0,'박승철헤어스튜디오',3,NULL),(186,'2023-05-29 06:44:00.000000','2023-05-29',0,186,114860,1,'쿠팡이츠',2,NULL),(187,'2023-05-29 07:02:00.000000','2023-05-29',1,187,80260,1,'S-Oil',6,NULL),(188,'2023-05-29 13:10:00.000000','2023-05-29',1,188,34140,1,'애슐리',2,NULL),(189,'2023-05-29 14:58:00.000000','2023-05-29',0,189,139060,0,'리안헤어',1,NULL),(190,'2023-05-30 09:59:00.000000','2023-05-30',0,190,201840,0,'홈플러스',5,NULL),(191,'2023-05-30 18:47:00.000000','2023-05-30',1,191,7470,0,'세븐일레븐',4,NULL),(192,'2023-06-01 00:49:00.000000','2023-06-01',1,192,247390,0,'리안헤어',3,NULL),(193,'2023-06-02 13:17:00.000000','2023-06-02',1,193,248340,1,'위메프',6,NULL),(194,'2023-06-04 08:28:00.000000','2023-06-04',0,194,298540,0,'G마켓',1,NULL),(195,'2023-06-05 01:12:00.000000','2023-06-05',0,195,13900,0,'디즈니플러스',4,NULL),(196,'2023-06-05 02:36:00.000000','2023-06-05',1,196,17000,0,'티빙',1,NULL),(197,'2023-06-05 02:59:00.000000','2023-06-05',0,197,17000,0,'넷플릭스',5,NULL),(198,'2023-06-05 09:34:00.000000','2023-06-05',0,198,96710,1,'애슐리',1,NULL),(199,'2023-06-05 23:58:00.000000','2023-06-05',1,199,33760,1,'이철헤어커커',5,NULL),(200,'2023-06-06 11:05:00.000000','2023-06-06',0,200,171340,0,'옥션',3,NULL),(201,'2023-06-06 12:56:00.000000','2023-06-06',0,201,17740,0,'메가박스',1,NULL),(202,'2023-06-07 16:03:00.000000','2023-06-07',1,202,79210,0,'SKT',1,NULL),(203,'2023-06-08 02:59:00.000000','2023-06-08',0,203,68310,0,'배달의 민족',6,NULL),(204,'2023-06-08 12:56:00.000000','2023-06-08',0,204,4900,0,'왓챠',5,NULL),(205,'2023-06-09 15:48:00.000000','2023-06-09',0,205,82010,0,'이디야커피',1,NULL),(206,'2023-06-10 12:05:00.000000','2023-06-10',0,206,1730,1,'지하철',5,NULL),(207,'2023-06-11 05:55:00.000000','2023-06-11',1,207,8870,1,'빽다방',4,NULL),(208,'2023-06-11 09:48:00.000000','2023-06-11',0,208,22840,1,'GS칼텍스',1,NULL),(209,'2023-06-12 07:49:00.000000','2023-06-12',0,209,8700,1,'이마트24',4,NULL),(210,'2023-06-17 11:57:00.000000','2023-06-17',0,210,46440,0,'KT',5,NULL),(211,'2023-06-18 19:30:00.000000','2023-06-18',0,211,55810,1,'올리브영',1,NULL),(212,'2023-06-18 20:17:00.000000','2023-06-18',1,212,34870,0,'스타벅스',3,NULL),(213,'2023-06-19 18:38:00.000000','2023-06-19',1,213,86150,0,'이디야커피',4,NULL),(214,'2023-06-20 03:29:00.000000','2023-06-20',1,214,85290,0,'쿠팡이츠',1,NULL),(215,'2023-06-20 04:22:00.000000','2023-06-20',1,215,41950,0,'CU',2,NULL),(216,'2023-06-20 04:53:00.000000','2023-06-20',1,216,1950,0,'버스',3,NULL),(217,'2023-06-20 05:55:00.000000','2023-06-20',0,217,9900,0,'디즈니플러스',6,NULL),(218,'2023-06-20 08:48:00.000000','2023-06-20',1,218,17000,0,'넷플릭스',4,NULL),(219,'2023-06-22 02:36:00.000000','2023-06-22',1,219,26220,0,'메가박스',1,NULL),(220,'2023-06-22 10:37:00.000000','2023-06-22',0,220,84270,0,'배달의 민족',1,NULL),(221,'2023-06-22 23:51:00.000000','2023-06-22',0,221,73340,0,'현대오일뱅크',3,NULL),(222,'2023-06-23 15:12:00.000000','2023-06-23',0,222,33270,0,'이디야커피',3,NULL),(223,'2023-06-23 23:51:00.000000','2023-06-23',1,223,52920,1,'다이소',5,NULL),(224,'2023-06-24 03:44:00.000000','2023-06-24',1,224,78910,0,'아웃백',3,NULL),(225,'2023-06-24 23:36:00.000000','2023-06-24',1,225,203970,0,'티켓몬스터',6,NULL),(226,'2023-06-26 11:07:00.000000','2023-06-26',0,226,129400,0,'박승철헤어스튜디오',1,NULL),(227,'2023-06-27 18:20:00.000000','2023-06-27',1,227,15190,0,'CGV',6,NULL),(228,'2023-06-28 04:29:00.000000','2023-06-28',0,228,73050,1,'이디야커피',6,NULL),(229,'2023-06-28 10:52:00.000000','2023-06-28',1,229,57640,1,'투썸플레이스',4,NULL),(230,'2023-06-29 02:30:00.000000','2023-06-29',0,230,50190,0,'커피빈',1,NULL),(231,'2023-06-29 09:35:00.000000','2023-06-29',1,231,272320,0,'AK몰',1,NULL),(232,'2023-07-01 15:55:00.000000','2023-07-01',1,232,52890,0,'CU',3,NULL),(233,'2023-07-02 09:12:00.000000','2023-07-02',1,233,67700,0,'블루보틀',5,NULL),(234,'2023-07-02 13:10:00.000000','2023-07-02',1,234,16370,0,'롯데시네마',6,NULL),(235,'2023-07-03 13:01:00.000000','2023-07-03',1,235,63900,0,'커피빈',1,NULL),(236,'2023-07-04 13:01:00.000000','2023-07-04',1,236,3730,0,'지하철',6,NULL),(237,'2023-07-04 20:11:00.000000','2023-07-04',1,237,26370,0,'메가박스',1,NULL),(238,'2023-07-04 22:27:00.000000','2023-07-04',0,238,119390,0,'이마트',6,NULL),(239,'2023-07-05 03:31:00.000000','2023-07-05',0,239,27020,1,'GS25',4,NULL),(240,'2023-07-06 18:35:00.000000','2023-07-06',1,240,72280,1,'요기요',3,NULL),(241,'2023-07-07 02:30:00.000000','2023-07-07',0,241,231290,1,'홈플러스',1,NULL),(242,'2023-07-07 04:21:00.000000','2023-07-07',1,242,1900,0,'버스',4,NULL),(243,'2023-07-08 04:23:00.000000','2023-07-08',0,243,29430,0,'아웃백',6,NULL),(244,'2023-07-11 18:43:00.000000','2023-07-11',0,244,14470,1,'빽다방',5,NULL),(245,'2023-07-11 22:27:00.000000','2023-07-11',1,245,4010,0,'버스',1,NULL),(246,'2023-07-12 16:03:00.000000','2023-07-12',0,246,23190,0,'롯데시네마',6,NULL),(247,'2023-07-13 11:13:00.000000','2023-07-13',0,247,63350,0,'아웃백',3,NULL),(248,'2023-07-14 02:48:00.000000','2023-07-14',1,248,14690,0,'투썸플레이스',3,NULL),(249,'2023-07-14 22:27:00.000000','2023-07-14',1,249,151170,0,'인테이크몰',6,NULL),(250,'2023-07-14 22:27:00.000000','2023-07-14',0,250,19740,1,'빽다방',5,NULL),(251,'2023-07-15 04:29:00.000000','2023-07-15',0,251,61150,1,'SK에너지',5,NULL),(252,'2023-07-16 06:56:00.000000','2023-07-16',1,252,17910,1,'세븐일레븐',6,NULL),(253,'2023-07-17 19:29:00.000000','2023-07-17',1,253,57420,0,'위메프',4,NULL),(254,'2023-07-18 02:54:00.000000','2023-07-18',0,254,1920,0,'KT',5,NULL),(255,'2023-07-18 06:01:00.000000','2023-07-18',0,255,11870,1,'CU',2,NULL),(256,'2023-07-18 19:32:00.000000','2023-07-18',1,256,3830,0,'버스',2,NULL),(257,'2023-07-18 21:28:00.000000','2023-07-18',1,257,17000,0,'티빙',1,NULL),(258,'2023-07-19 02:36:00.000000','2023-07-19',0,258,35480,0,'세븐일레븐',4,NULL),(259,'2023-07-19 09:48:00.000000','2023-07-19',0,259,46680,0,'투썸플레이스',4,NULL),(260,'2023-07-20 18:43:00.000000','2023-07-20',0,260,9900,0,'디즈니플러스',4,NULL),(261,'2023-07-20 23:44:00.000000','2023-07-20',0,261,14900,0,'유튜브프리미엄',3,NULL),(262,'2023-07-21 02:06:00.000000','2023-07-21',1,262,22250,0,'롯데시네마',4,NULL),(263,'2023-07-21 02:54:00.000000','2023-07-21',0,263,94530,0,'인테이크몰',3,NULL),(264,'2023-07-21 19:32:00.000000','2023-07-21',1,264,35410,0,'애슐리',4,NULL),(265,'2023-07-21 20:17:00.000000','2023-07-21',0,265,167010,1,'쿠팡',2,NULL),(266,'2023-07-25 04:22:00.000000','2023-07-25',0,266,12900,0,'왓챠',3,NULL),(267,'2023-07-26 02:54:00.000000','2023-07-26',0,267,18940,1,'CGV',1,NULL),(268,'2023-07-26 11:07:00.000000','2023-07-26',1,268,270840,0,'11번가',4,NULL),(269,'2023-07-26 12:50:00.000000','2023-07-26',0,269,19700,1,'메가박스',3,NULL),(270,'2023-07-28 17:33:00.000000','2023-07-28',1,270,158660,1,'박승철헤어스튜디오',5,NULL),(271,'2023-07-29 19:55:00.000000','2023-07-29',0,271,83700,0,'이마트',6,NULL),(272,'2023-07-31 04:31:00.000000','2023-07-31',1,272,3460,0,'지하철',1,NULL),(273,'2023-07-31 10:52:00.000000','2023-07-31',1,273,23850,0,'CU',6,NULL),(274,'2023-07-31 13:25:00.000000','2023-07-31',0,274,3960,0,'CU',6,NULL),(275,'2023-08-01 19:30:00.000000','2023-08-01',1,275,9900,0,'디즈니플러스',2,NULL),(276,'2023-08-01 22:57:00.000000','2023-08-01',0,276,16000,0,'웨이브',3,NULL),(277,'2023-08-03 09:38:00.000000','2023-08-03',1,277,79750,0,'커피빈',1,NULL),(278,'2023-08-05 08:47:00.000000','2023-08-05',1,278,19600,0,'쿠팡이츠',5,NULL),(279,'2023-08-05 10:52:00.000000','2023-08-05',1,279,14900,0,'유튜브프리미엄',2,NULL),(280,'2023-08-05 18:47:00.000000','2023-08-05',0,280,113120,0,'이마트',6,NULL),(281,'2023-08-05 23:36:00.000000','2023-08-05',1,281,16940,1,'요기요',4,NULL),(282,'2023-08-06 07:05:00.000000','2023-08-06',0,282,35920,0,'GS25',6,NULL),(283,'2023-08-06 14:48:00.000000','2023-08-06',1,283,25950,1,'GS25',4,NULL),(284,'2023-08-08 01:02:00.000000','2023-08-08',1,284,55840,0,'세븐일레븐',6,NULL),(285,'2023-08-08 05:55:00.000000','2023-08-08',1,285,32760,0,'블루보틀',5,NULL),(286,'2023-08-08 05:55:00.000000','2023-08-08',1,286,13900,0,'디즈니플러스',5,NULL),(287,'2023-08-08 06:21:00.000000','2023-08-08',1,287,21490,0,'CGV',4,NULL),(288,'2023-08-08 16:34:00.000000','2023-08-08',0,288,95730,0,'AK몰',4,NULL),(289,'2023-08-10 03:31:00.000000','2023-08-10',1,289,13500,0,'넷플릭스',4,NULL),(290,'2023-08-11 13:25:00.000000','2023-08-11',1,290,50250,1,'CU',3,NULL),(291,'2023-08-12 16:10:00.000000','2023-08-12',0,291,174540,0,'이마트',5,NULL),(292,'2023-08-12 17:33:00.000000','2023-08-12',1,292,24510,0,'애슐리',6,NULL),(293,'2023-08-12 21:36:00.000000','2023-08-12',0,293,78590,0,'롯데마트',3,NULL),(294,'2023-08-13 15:12:00.000000','2023-08-13',1,294,96780,1,'투썸플레이스',1,NULL),(295,'2023-08-14 01:58:00.000000','2023-08-14',0,295,50400,0,'SK에너지',3,NULL),(296,'2023-08-14 06:50:00.000000','2023-08-14',0,296,3170,0,'버스',5,NULL),(297,'2023-08-16 01:12:00.000000','2023-08-16',1,297,45170,0,'택시',1,NULL),(298,'2023-08-16 03:44:00.000000','2023-08-16',0,298,286350,0,'이마트',6,NULL),(299,'2023-08-16 04:29:00.000000','2023-08-16',0,299,56930,0,'마켓컬리',6,NULL),(300,'2023-08-16 06:44:00.000000','2023-08-16',1,300,261750,1,'옥션',5,NULL),(301,'2023-08-19 01:09:00.000000','2023-08-19',0,301,42590,1,'GS25',1,NULL),(302,'2023-08-20 18:38:00.000000','2023-08-20',1,302,21270,0,'세븐일레븐',5,NULL),(303,'2023-08-21 19:30:00.000000','2023-08-21',0,303,13490,1,'쿠팡',4,NULL),(304,'2023-08-22 10:52:00.000000','2023-08-22',1,304,103510,0,'마켓컬리',6,NULL),(305,'2023-08-23 04:11:00.000000','2023-08-23',0,305,14040,1,'올리브영',3,NULL),(306,'2023-08-24 20:17:00.000000','2023-08-24',1,306,28600,0,'롯데시네마',4,NULL),(307,'2023-08-25 04:29:00.000000','2023-08-25',0,307,32530,1,'다이소',3,NULL),(308,'2023-08-30 21:36:00.000000','2023-08-30',1,308,20630,0,'요기요',1,NULL),(309,'2023-08-31 19:29:00.000000','2023-08-31',0,309,138590,0,'박승철헤어스튜디오',4,NULL),(310,'2023-09-01 19:38:00.000000','2023-09-01',0,310,54660,0,'아웃백',5,NULL),(311,'2023-09-03 06:50:00.000000','2023-09-03',1,311,81880,0,'홈플러스',1,NULL),(312,'2023-09-04 21:36:00.000000','2023-09-04',1,312,247220,0,'위메프',2,NULL),(313,'2023-09-06 03:34:00.000000','2023-09-06',0,313,12900,0,'왓챠',1,NULL),(314,'2023-09-07 08:50:00.000000','2023-09-07',1,314,66890,0,'투썸플레이스',1,NULL),(315,'2023-09-07 19:38:00.000000','2023-09-07',1,315,107910,0,'인테이크몰',5,NULL),(316,'2023-09-08 11:41:00.000000','2023-09-08',0,316,44630,0,'애슐리',5,NULL),(317,'2023-09-09 15:07:00.000000','2023-09-09',0,317,95170,0,'블루보틀',2,NULL),(318,'2023-09-10 17:33:00.000000','2023-09-10',0,318,164560,0,'리안헤어',6,NULL),(319,'2023-09-11 08:48:00.000000','2023-09-11',0,319,69850,0,'현대오일뱅크',1,NULL),(320,'2023-09-12 10:37:00.000000','2023-09-12',0,320,13900,0,'웨이브',2,NULL),(321,'2023-09-15 06:51:00.000000','2023-09-15',0,321,14900,1,'유튜브프리미엄',3,NULL),(322,'2023-09-16 12:20:00.000000','2023-09-16',0,322,19990,0,'다이소',2,NULL),(323,'2023-09-16 17:57:00.000000','2023-09-16',0,323,48340,0,'티켓몬스터',1,NULL),(324,'2023-09-16 21:10:00.000000','2023-09-16',0,324,59800,0,'세븐일레븐',5,NULL),(325,'2023-09-17 18:20:00.000000','2023-09-17',1,325,221500,1,'옥션',6,NULL),(326,'2023-09-18 09:48:00.000000','2023-09-18',0,326,79510,0,'S-Oil',1,NULL),(327,'2023-09-18 20:11:00.000000','2023-09-18',1,327,9500,0,'티빙',3,NULL),(328,'2023-09-18 22:57:00.000000','2023-09-18',0,328,241160,0,'이마트',5,NULL),(329,'2023-09-19 11:11:00.000000','2023-09-19',1,329,14630,0,'메가박스',2,NULL),(330,'2023-09-20 09:47:00.000000','2023-09-20',0,330,79370,0,'SK에너지',3,NULL),(331,'2023-09-23 01:24:00.000000','2023-09-23',0,331,216440,1,'이철헤어커커',3,NULL),(332,'2023-09-23 07:02:00.000000','2023-09-23',0,332,58050,1,'GS칼텍스',5,NULL),(333,'2023-09-23 20:17:00.000000','2023-09-23',1,333,24710,0,'CGV',6,NULL),(334,'2023-09-26 04:22:00.000000','2023-09-26',1,334,69770,0,'스타벅스',4,NULL),(335,'2023-09-26 22:46:00.000000','2023-09-26',1,335,4720,0,'블루보틀',5,NULL),(336,'2023-09-27 09:47:00.000000','2023-09-27',1,336,53190,0,'아웃백',1,NULL),(337,'2023-09-27 20:17:00.000000','2023-09-27',0,337,4000,0,'버스',5,NULL),(338,'2023-09-27 22:46:00.000000','2023-09-27',0,338,14540,1,'쿠팡',1,NULL),(339,'2023-09-28 04:23:00.000000','2023-09-28',1,339,88820,0,'S-Oil',2,NULL),(340,'2023-09-28 21:30:00.000000','2023-09-28',1,340,78510,0,'올리브영',4,NULL),(341,'2023-09-30 15:07:00.000000','2023-09-30',1,341,56500,0,'CU',3,NULL),(342,'2023-10-01 15:55:00.000000','2023-10-01',0,342,112820,0,'리안헤어',6,NULL),(343,'2023-10-01 22:27:00.000000','2023-10-01',0,343,94220,0,'GS칼텍스',1,NULL),(344,'2023-10-03 03:31:00.000000','2023-10-03',1,344,109910,0,'11번가',4,NULL),(345,'2023-10-03 09:48:00.000000','2023-10-03',1,345,27750,0,'롯데시네마',4,NULL),(346,'2023-10-03 12:50:00.000000','2023-10-03',0,346,111860,0,'다이소',6,NULL),(347,'2023-10-05 19:23:00.000000','2023-10-05',0,347,60610,0,'롯데마트',6,NULL),(348,'2023-10-06 19:23:00.000000','2023-10-06',0,348,59220,1,'아웃백',5,NULL),(349,'2023-10-06 23:51:00.000000','2023-10-06',1,349,36440,0,'투썸플레이스',5,NULL),(350,'2023-10-07 11:41:00.000000','2023-10-07',0,350,17000,0,'넷플릭스',5,NULL),(351,'2023-10-08 23:44:00.000000','2023-10-08',1,351,13500,1,'티빙',4,NULL),(352,'2023-10-10 00:19:00.000000','2023-10-10',1,352,16010,1,'롯데시네마',6,NULL),(353,'2023-10-11 04:32:00.000000','2023-10-11',0,353,59510,0,'쿠팡',4,NULL),(354,'2023-10-11 19:38:00.000000','2023-10-11',1,354,59330,0,'올리브영',4,NULL),(355,'2023-10-12 18:43:00.000000','2023-10-12',0,355,1990,0,'버스',3,NULL),(356,'2023-10-13 18:47:00.000000','2023-10-13',1,356,297040,0,'위메프',1,NULL),(357,'2023-10-14 18:54:00.000000','2023-10-14',0,357,17180,0,'스타벅스',3,NULL),(358,'2023-10-16 03:31:00.000000','2023-10-16',1,358,95740,0,'올리브영',3,NULL),(359,'2023-10-18 07:20:00.000000','2023-10-18',1,359,18660,1,'빽다방',5,NULL),(360,'2023-10-18 21:36:00.000000','2023-10-18',0,360,13900,0,'디즈니플러스',1,NULL),(361,'2023-10-19 18:19:00.000000','2023-10-19',0,361,283630,0,'옥션',4,NULL),(362,'2023-10-19 18:47:00.000000','2023-10-19',0,362,10450,1,'블루보틀',6,NULL),(363,'2023-10-23 18:20:00.000000','2023-10-23',1,363,82360,1,'아웃백',5,NULL),(364,'2023-10-24 01:12:00.000000','2023-10-24',0,364,26510,0,'이디야커피',2,NULL),(365,'2023-10-24 03:44:00.000000','2023-10-24',1,365,7450,0,'메가커피',3,NULL),(366,'2023-10-24 15:49:00.000000','2023-10-24',0,366,49750,1,'이마트24',1,NULL),(367,'2023-10-25 09:57:00.000000','2023-10-25',0,367,254690,0,'11번가',3,NULL),(368,'2023-10-25 11:05:00.000000','2023-10-25',1,368,97620,0,'애슐리',3,NULL),(369,'2023-10-26 01:02:00.000000','2023-10-26',0,369,3680,0,'지하철',3,NULL),(370,'2023-10-26 22:55:00.000000','2023-10-26',1,370,41570,1,'블루보틀',1,NULL),(371,'2023-10-27 16:03:00.000000','2023-10-27',0,371,76980,0,'현대오일뱅크',4,NULL),(372,'2023-10-28 16:10:00.000000','2023-10-28',1,372,38510,0,'CU',5,NULL),(373,'2023-10-29 11:05:00.000000','2023-10-29',1,373,44030,1,'택시',6,NULL),(374,'2023-10-29 12:56:00.000000','2023-10-29',1,374,28780,0,'박승철헤어스튜디오',5,NULL),(375,'2023-11-01 18:47:00.000000','2023-11-01',0,375,27530,1,'이마트24',5,NULL),(376,'2023-11-02 07:05:00.000000','2023-11-02',0,376,128520,1,'리안헤어',6,NULL),(377,'2023-11-03 08:47:00.000000','2023-11-03',1,377,11020,0,'투썸플레이스',3,NULL),(378,'2023-11-03 11:05:00.000000','2023-11-03',0,378,149510,0,'G마켓',3,NULL),(379,'2023-11-03 13:25:00.000000','2023-11-03',0,379,59750,0,'마켓컬리',4,NULL),(380,'2023-11-04 06:21:00.000000','2023-11-04',0,380,179310,1,'이철헤어커커',2,NULL),(381,'2023-11-05 18:20:00.000000','2023-11-05',1,381,35500,0,'SKT',2,NULL),(382,'2023-11-06 07:49:00.000000','2023-11-06',1,382,29090,0,'롯데시네마',1,NULL),(383,'2023-11-06 16:03:00.000000','2023-11-06',0,383,58170,1,'세븐일레븐',6,NULL),(384,'2023-11-08 09:38:00.000000','2023-11-08',0,384,13900,1,'웨이브',2,NULL),(385,'2023-11-09 06:01:00.000000','2023-11-09',1,385,107070,0,'위메프',6,NULL),(386,'2023-11-09 22:57:00.000000','2023-11-09',0,386,5980,0,'블루보틀',1,NULL),(387,'2023-11-10 06:01:00.000000','2023-11-10',1,387,181090,0,'티켓몬스터',2,NULL),(388,'2023-11-11 12:56:00.000000','2023-11-11',0,388,251870,0,'인테이크몰',5,NULL),(389,'2023-11-12 08:48:00.000000','2023-11-12',0,389,93050,0,'티켓몬스터',3,NULL),(390,'2023-11-12 21:36:00.000000','2023-11-12',1,390,54090,0,'올리브영',1,NULL),(391,'2023-11-13 15:38:00.000000','2023-11-13',0,391,133570,0,'리안헤어',4,NULL),(392,'2023-11-14 03:44:00.000000','2023-11-14',1,392,143220,0,'쿠팡',4,NULL),(393,'2023-11-14 16:47:00.000000','2023-11-14',0,393,162200,1,'쿠팡',3,NULL),(394,'2023-11-15 00:58:00.000000','2023-11-15',0,394,152540,0,'롯데마트',1,NULL),(395,'2023-11-15 07:48:00.000000','2023-11-15',1,395,25590,0,'CU',3,NULL),(396,'2023-11-15 23:58:00.000000','2023-11-15',1,396,9900,0,'디즈니플러스',5,NULL),(397,'2023-11-16 06:56:00.000000','2023-11-16',0,397,194230,0,'이철헤어커커',5,NULL),(398,'2023-11-16 18:39:00.000000','2023-11-16',0,398,265000,0,'롯데마트',2,NULL),(399,'2023-11-17 18:54:00.000000','2023-11-17',1,399,99510,1,'홈플러스',1,NULL),(400,'2023-11-18 09:34:00.000000','2023-11-18',1,400,17950,1,'GS25',1,NULL),(401,'2023-11-19 00:49:00.000000','2023-11-19',0,401,74080,1,'이마트',6,NULL),(402,'2023-11-21 02:59:00.000000','2023-11-21',0,402,280890,0,'쿠팡',4,NULL),(403,'2023-11-21 22:55:00.000000','2023-11-21',0,403,17410,0,'메가커피',2,NULL),(404,'2023-11-27 07:05:00.000000','2023-11-27',1,404,184640,0,'11번가',1,NULL),(405,'2023-11-28 07:48:00.000000','2023-11-28',1,405,17000,0,'티빙',4,NULL),(406,'2023-11-28 18:37:00.000000','2023-11-28',0,406,248960,0,'이마트',5,NULL),(407,'2023-11-29 18:37:00.000000','2023-11-29',0,407,1700,1,'지하철',2,NULL),(408,'2023-11-29 18:47:00.000000','2023-11-29',1,408,116340,0,'이마트',2,NULL),(409,'2023-11-29 19:29:00.000000','2023-11-29',1,409,99410,0,'다이소',6,NULL),(410,'2023-11-29 20:35:00.000000','2023-11-29',0,410,5660,0,'GS칼텍스',6,NULL),(411,'2023-11-30 19:29:00.000000','2023-11-30',0,411,14900,1,'유튜브프리미엄',1,NULL),(412,'2023-12-03 01:09:00.000000','2023-12-03',0,412,16550,0,'메가박스',3,NULL),(413,'2023-12-03 09:51:00.000000','2023-12-03',1,413,215950,1,'리안헤어',2,NULL),(414,'2023-12-03 20:17:00.000000','2023-12-03',0,414,176560,0,'G마켓',4,NULL),(415,'2023-12-04 03:44:00.000000','2023-12-04',0,415,4900,0,'왓챠',3,NULL),(416,'2023-12-05 21:30:00.000000','2023-12-05',1,416,27120,0,'CGV',1,NULL),(417,'2023-12-06 06:51:00.000000','2023-12-06',0,417,100200,0,'요기요',1,NULL),(418,'2023-12-08 00:19:00.000000','2023-12-08',1,418,17270,0,'메가박스',2,NULL),(419,'2023-12-09 09:59:00.000000','2023-12-09',0,419,183510,0,'G마켓',6,NULL),(420,'2023-12-09 18:29:00.000000','2023-12-09',0,420,30140,0,'올리브영',1,NULL),(421,'2023-12-11 07:45:00.000000','2023-12-11',0,421,95900,1,'SK에너지',1,NULL),(422,'2023-12-11 07:49:00.000000','2023-12-11',1,422,66170,0,'SK에너지',5,NULL),(423,'2023-12-12 07:28:00.000000','2023-12-12',1,423,6150,0,'다이소',2,NULL),(424,'2023-12-12 18:47:00.000000','2023-12-12',0,424,14900,0,'유튜브프리미엄',1,NULL),(425,'2023-12-13 22:55:00.000000','2023-12-13',1,425,25010,0,'마켓컬리',4,NULL),(426,'2023-12-14 04:23:00.000000','2023-12-14',1,426,38370,0,'아웃백',4,NULL),(427,'2023-12-15 09:38:00.000000','2023-12-15',0,427,42170,0,'SK에너지',6,NULL),(428,'2023-12-16 00:47:00.000000','2023-12-16',0,428,19780,0,'빽다방',2,NULL),(429,'2023-12-16 09:51:00.000000','2023-12-16',1,429,101020,0,'마켓컬리',6,NULL),(430,'2023-12-16 20:11:00.000000','2023-12-16',1,430,98510,0,'블루보틀',3,NULL),(431,'2023-12-17 16:10:00.000000','2023-12-17',1,431,113250,0,'11번가',4,NULL),(432,'2023-12-18 14:48:00.000000','2023-12-18',0,432,19680,0,'올리브영',4,NULL),(433,'2023-12-18 21:30:00.000000','2023-12-18',1,433,24990,1,'메가박스',5,NULL),(434,'2023-12-19 07:05:00.000000','2023-12-19',1,434,21040,1,'롯데시네마',3,NULL),(435,'2023-12-20 09:48:00.000000','2023-12-20',1,435,2830,0,'지하철',5,NULL),(436,'2023-12-21 21:06:00.000000','2023-12-21',0,436,63880,1,'이디야커피',3,NULL),(437,'2023-12-22 01:02:00.000000','2023-12-22',0,437,69560,1,'GS칼텍스',5,NULL),(438,'2023-12-22 14:58:00.000000','2023-12-22',1,438,184490,0,'박승철헤어스튜디오',5,NULL),(439,'2023-12-22 19:30:00.000000','2023-12-22',0,439,13080,1,'메가커피',4,NULL),(440,'2023-12-23 06:01:00.000000','2023-12-23',0,440,33150,1,'SKT',3,NULL),(441,'2023-12-24 10:52:00.000000','2023-12-24',1,441,88140,1,'G마켓',6,NULL),(442,'2023-12-24 15:55:00.000000','2023-12-24',1,442,12040,0,'마켓컬리',6,NULL),(443,'2023-12-24 15:58:00.000000','2023-12-24',1,443,70460,0,'현대오일뱅크',6,NULL),(444,'2023-12-25 07:20:00.000000','2023-12-25',0,444,2720,0,'버스',6,NULL),(445,'2023-12-27 09:12:00.000000','2023-12-27',0,445,1890,1,'버스',5,NULL),(446,'2023-12-27 18:38:00.000000','2023-12-27',1,446,199720,0,'홈플러스',4,NULL);
/*!40000 ALTER TABLE `transaction` ENABLE KEYS */;
UNLOCK TABLES;
/*!40103 SET TIME_ZONE=@OLD_TIME_ZONE */;

/*!40101 SET SQL_MODE=@OLD_SQL_MODE */;
/*!40014 SET FOREIGN_KEY_CHECKS=@OLD_FOREIGN_KEY_CHECKS */;
/*!40014 SET UNIQUE_CHECKS=@OLD_UNIQUE_CHECKS */;
/*!40101 SET CHARACTER_SET_CLIENT=@OLD_CHARACTER_SET_CLIENT */;
/*!40101 SET CHARACTER_SET_RESULTS=@OLD_CHARACTER_SET_RESULTS */;
/*!40101 SET COLLATION_CONNECTION=@OLD_COLLATION_CONNECTION */;
/*!40111 SET SQL_NOTES=@OLD_SQL_NOTES */;

-- Dump completed on 2024-02-13 15:10:28
